{"cameraMode":{"drawMode":0,"name":"Shaded","section":"Shading Mode"},"sceneLighting":true,"audioPlay":false,"sceneViewState":{"m_AlwaysRefresh":false,"showFog":true,"showSkybox":true,"showFlares":true,"showImageEffects":true,"showParticleSystems":true,"showVisualEffectGraphs":true,"m_FxEnabled":true},"in2DMode":false,"pivot":{"x":979.2996215820313,"y":442.4168701171875,"z":46.67138671875},"rotation":{"x":0.05727732926607132,"y":0.005985266529023647,"z":-0.00034393640817143023,"w":0.9983366131782532},"size":758.9080810546875,"orthographic":false}