{"cameraMode":{"drawMode":0,"name":"Shaded","section":"Shading Mode"},"sceneLighting":true,"audioPlay":false,"sceneViewState":{"m_AlwaysRefresh":false,"showFog":true,"showSkybox":true,"showFlares":true,"showImageEffects":true,"showParticleSystems":true,"showVisualEffectGraphs":true,"m_FxEnabled":true},"in2DMode":false,"pivot":{"x":26.920066833496095,"y":11.49219799041748,"z":-1.1167373657226563},"rotation":{"x":-0.02561098523437977,"y":0.9187625646591187,"z":0.060440804809331897,"w":0.3893143832683563},"size":9.959540367126465,"orthographic":false}