{"cameraMode":{"drawMode":0,"name":"Shaded","section":"Shading Mode"},"sceneLighting":true,"audioPlay":false,"sceneViewState":{"m_AlwaysRefresh":false,"showFog":true,"showSkybox":true,"showFlares":true,"showImageEffects":true,"showParticleSystems":true,"showVisualEffectGraphs":true,"m_FxEnabled":true},"in2DMode":false,"pivot":{"x":61.68838882446289,"y":25.1664981842041,"z":-84.26566314697266},"rotation":{"x":0.12238789349794388,"y":-0.41727495193481448,"z":0.056738290935754779,"w":0.8987717628479004},"size":2.0928778648376467,"orthographic":false}